MODEL CARD & TECHNICAL LIMITATIONS,,,,,
,,,,,
Item,Description,,,,
Architecture,Physics baseline + kNN residual regression + feasibility/compliance ranking,,,,
Algorithm,k-Nearest Neighbours residual regression (k=7),,,,
Training data,"1,400 representative synthetic cases constrained by original generator ratings",,,,
Validation,300 synthetic validation cases,,,,
Hidden test,300 synthetic hidden-test cases,,,,
Targets,"Crest voltage, front/peak time and tail time",,,,
Purpose,Correct physics baseline and rank feasible resistor configurations,,,,
Not claimed,No laboratory validation has been completed,,,,
Required next step,Replace/refine synthetic residual patterns using actual reduced-voltage trial-shot data,,,,
