# source_type=generated_stress_test; time_unit=us; voltage_unit=kV; negative-polarity delayed QA capture
time_us,voltage_kv
700.0,7.0
700.0158804742453,-58.118864291710594
700.0317609484905,-120.33902198795418
700.0476414227358,-179.78881454597672
700.063521896981,-236.59090121597623
700.0794023712263,-290.86251061586853
700.0952828454715,-342.7156811677965
700.1111633197169,-392.257490889525
700.1270437939621,-439.59027701202086
700.1429242682074,-484.81184587365567
700.1588047424526,-528.0156735215271
700.1746852166979,-569.2910974313293
700.1905656909431,-608.7234997389961
700.2064461651884,-646.3944823599204
700.2223266394336,-682.3820343549235
700.2382071136789,-716.7606918862425
700.2540875879241,-749.601691091607
700.2699680621694,-780.9731141899447
700.2858485364146,-810.9400291183898
700.30172901066,-839.5646229869826
700.3176094849052,-866.9063296247753
700.3334899591505,-893.0219514789509
700.3493704333957,-917.9657761169605
700.365250907641,-941.7896875706316
700.3811313818862,-964.5432727506136
700.3970118561315,-986.2739231494152
700.4128923303767,-1007.0269320416288
700.428772804622,-1026.845587380701
700.4446532788672,-1045.7712605827787
700.4605337531125,-1063.8434913797253
700.4764142273577,-1081.1000689153493
700.492294701603,-1097.577109251162
700.5081751758484,-1113.3091294406393
700.5240556500936,-1128.329118323909
700.5399361243389,-1142.6686041880644
700.5558165985841,-1156.3577194318768
700.5716970728294,-1169.4252623675347
700.5875775470746,-1181.8987562861653
700.6034580213199,-1193.8045059082797
700.6193384955651,-1205.167651334925
700.6352189698104,-1216.0122196101972
700.6510994440556,-1226.3611740008664
700.6669799183009,-1236.2364610941916
700.6828603925461,-1245.65905581052
700.6987408667914,-1254.649004422993
700.7146213410367,-1263.2254656725895
700.730501815282,-1271.4067500628446
700.7463822895272,-1279.2103574148168
700.7622627637725,-1286.6530127593524
700.7781432380177,-1293.7507006402454
700.794023712263,-1300.5186978986574
700.8099041865082,-1306.9716050060329
700.8257846607535,-1313.1233760097828
700.8416651349987,-1318.987347153141
700.857545609244,-1324.5762642279103
700.8734260834892,-1329.9023087161804
700.8893065577345,-1334.9771227746528
700.9051870319798,-1339.8118331128012
700.9210675062251,-1344.4170738138462
700.9369479804703,-1348.8030081453585
700.9528284547156,-1352.9793494042046
700.9687089289608,-1356.9553808386147
700.9845894032061,-1360.739974688207
701.0004698774513,-1364.3416103810375
701.0163503516966,-1367.7683919249894
701.0322308259418,-1371.0280645291743
701.0481113001871,-1374.128030489435
701.0639917744323,-1377.0753643705334
701.0798722486776,-1379.8768275161558
701.0957527229228,-1382.538881916504
701.1116331971682,-1385.067703461914
701.1275136714135,-1387.4691946096718
701.1433941456587,-1389.748996490029
701.159274619904,-1391.912500476226
701.1751550941492,-1393.9648592422698
701.1910355683945,-1395.910997331131
701.2069160426397,-1397.7556212550492
701.222796516885,-1399.503229148653
701.2386769911302,-1401.1581199946972
701.2545574653755,-1402.7244024413396
701.2704379396207,-1404.206003229037
701.286318413866,-1405.606675244354
701.3021988881113,-1406.9300052171895
701.3180793623566,-1408.1794210772207
701.3339598366018,-1409.3581989846432
701.3498403108471,-1410.4694700496332
701.3657207850923,-1411.5162267543114
701.3816012593376,-1412.5013290903796
701.3974817335828,-1413.4275104250169
701.4133622078281,-1414.2973831070724
701.4292426820733,-1415.1134438250458
701.4451231563186,-1415.8780787278486
701.4610036305638,-1416.593568318848
701.4768841048091,-1417.2620921332318
701.4927645790543,-1417.885733208287
701.5086450532997,-1418.4664823557605
701.5245255275449,-1419.0062422450635
701.5404060017902,-1419.506831305698
701.5562864760354,-1419.969987456906
701.5721669502807,-1420.3973716721894
701.5880474245259,-1420.7905713860173
701.6039278987712,-1421.151103749703
701.6198083730164,-1421.4804187431284
701.6356888472617,-1421.7799021487017
701.6515693215069,-1422.0508783936448
701.6674497957522,-1422.2946132664397
701.6833302699974,-1422.51231651301
701.6992107442427,-1422.7051443179548
701.715091218488,-1422.8742016759302
701.7309716927333,-1423.02054465804
701.7468521669786,-1423.145182577883
701.7627326412238,-1423.2490800617013
701.778613115469,-1423.333159026875
701.7944935897143,-1423.3983005728187
701.8103740639596,-1423.4453467881629
701.8262545382048,-1423.4751024779205
701.8421350124501,-1423.4883368141896
701.8474285038652,-1423.4892048566494
701.8580154866953,-1423.4857849137677
701.8738959609406,-1423.4681493459216
701.8897764351858,-1423.4361015734016
701.9056569094312,-1423.390283329654
701.9215373836764,-1423.331307935062
701.9374178579217,-1423.259761554909
701.9532983321669,-1423.176204401646
701.9691788064122,-1423.0811718839338
701.9850592806574,-1422.975175704806
702.0009397549027,-1422.858704911216
702.0168202291479,-1422.7322268971186
702.0327007033932,-1422.5961883621333
702.0485811776384,-1422.4510162277709
702.0644616518837,-1422.297118513091
702.0803421261289,-1422.134885171593
702.0962226003742,-1421.964688891053
702.1121030746195,-1421.786885857946
702.1279835488648,-1421.601816488033
702.14386402311,-1421.409806124588
702.1597444973553,-1421.2111657057264
702.1756249716005,-1421.0061924021777
702.1915054458458,-1420.7951702268233
702.207385920091,-1420.5783706172529
702.2232663943363,-1420.3560529925217
702.2391468685815,-1420.1284652852628
702.2550273428268,-1419.895844450236
702.270907817072,-1419.6584169503667
702.2867882913173,-1419.4163992212611
702.3026687655627,-1419.1699981151587
702.3185492398079,-1418.9194113252258
702.3344297140532,-1418.6648277910674
702.3503101882984,-1418.4064280862824
702.3661906625437,-1418.1443847888631
702.3820711367889,-1417.8788628351915
702.3979516110342,-1417.6100198583686
702.4138320852794,-1417.338006511556
702.4297125595247,-1417.0629667770131
702.4455930337699,-1416.7850382614392
702.4614735080152,-1416.5043524782518
702.4773539822604,-1416.221035117358
702.4932344565057,-1415.9352063029864
702.509114930751,-1415.6469808401027
702.5249954049963,-1415.3564684499172
702.5335309825958,-1415.199413183271
702.5408758792415,-1415.0637739949611
702.5567563534868,-1414.7689976942036
702.572636827732,-1414.4722353286384
702.5885173019773,-1414.1735784377745
702.6043977762225,-1413.8731145074232
702.6202782504678,-1413.570927149171
702.636158724713,-1413.2670962719096
702.6520391989583,-1412.961698245769
702.6679196732035,-1412.6548060587938
702.6838001474488,-1412.3464894666804
702.699680621694,-1412.0368151358891
702.7155610959394,-1411.7258467804163
702.7314415701846,-1411.4136452925125
702.7473220444299,-1411.100268867612
702.7632025186751,-1410.785773123735
702.7790829929204,-1410.4702112155976
702.7949634671656,-1410.153633943674
702.8108439414109,-1409.8360898584287
702.8267244156561,-1409.5176253599338
702.8426048899014,-1409.198284793076
702.8584853641466,-1408.8781105385483
702.8743658383919,-1408.5571430998132
702.8902463126371,-1408.2354211862155
702.9061267868825,-1407.9129817924156
702.9220072611278,-1407.589860274306
702.937887735373,-1407.266090421566
702.9537682096183,-1406.9417045270066
702.9696486838635,-1406.6167334528393
702.9855291581088,-1406.291206694019
703.001409632354,-1405.9651524387757
703.0172901065993,-1405.6385976264703
703.0331705808445,-1405.3115680028864
703.0490510550898,-1404.984088173076
703.064931529335,-1404.6561816518624
703.0808120035803,-1404.3278709121128
703.0966924778255,-1403.999177430868
703.1125729520709,-1403.6701217334316
703.1284534263161,-1403.3407234355095
703.1443339005614,-1403.011001283479
703.1602143748066,-1402.6809731928804
703.1760948490519,-1402.350656285201
703.1919753232971,-1402.0200669230296
703.2078557975424,-1401.6892207436597
703.2196334613266,-1401.4436935314625
703.2237362717876,-1401.358132691197
703.2396167460329,-1401.0268170472546
703.2554972202781,-1400.6952874602816
703.2713776945234,-1400.363556973596
703.2872581687686,-1400.0316380521786
703.303138643014,-1399.6995426082765
703.3190191172592,-1399.3672820258764
703.3348995915045,-1399.034867184092
703.3507800657497,-1398.7023084795185
703.366660539995,-1398.3696158475934
703.3825410142402,-1398.0367987830175
703.3984214884855,-1397.7038663592662
703.4143019627307,-1397.3708272472384
703.430182436976,-1397.0376897330816
703.4460629112212,-1396.704461735228
703.4619433854665,-1396.3711508206716
703.4778238597117,-1396.0377642205308
703.493704333957,-1395.704308844918
703.5095848082024,-1395.3707912971524
703.5254652824476,-1395.037217887343
703.5413457566929,-1394.7035946453718
703.5572262309381,-1394.3699273332977
703.5731067051834,-1394.0362214572167
703.5889871794286,-1393.7024822785957
703.6048676536739,-1393.3687148251
703.6207481279191,-1393.034923900948
703.6366286021644,-1392.7011140968025
703.6525090764096,-1392.3672897992265
703.6683895506549,-1392.0334551997205
703.6842700249001,-1391.699614303357
703.7001504991454,-1391.3657709370368
703.7160309733907,-1391.031928757376
703.731911447636,-1390.698091258246
703.7477919218812,-1390.3642617779803
703.7636723961265,-1390.0304435062578
703.7795528703717,-1389.6966394906883
703.795433344617,-1389.3628526431005
703.8113138188622,-1389.0290857455536
703.8271942931075,-1388.695341456084
703.8430747673527,-1388.3616223141964
703.858955241598,-1388.0279307461117
703.8748357158432,-1387.6942690697813
703.8907161900885,-1387.360639499684
703.9057359400573,-1387.0451241621688
703.9065966643338,-1387.0270441514049
703.9224771385791,-1386.6934850460136
703.9383576128243,-1386.3599641142516
703.9542380870696,-1386.0264832005296
703.9701185613148,-1385.6930440667495
703.9859990355601,-1385.359648395961
704.0018795098053,-1385.0262977958478
704.0177599840506,-1384.6929938020694
704.0336404582958,-1384.3597378814466
704.0495209325411,-1384.0265314350115
704.0654014067863,-1383.6933758009195
704.0812818810316,-1383.360272257235
704.0971623552769,-1383.0272220245884
704.1130428295222,-1382.6942262687228
704.1289233037675,-1382.3612861029233
704.1448037780127,-1382.0284025903386
704.160684252258,-1381.6955767462018
704.1765647265032,-1381.3628095399529
704.1924452007485,-1381.0301018972632
704.2083256749937,-1380.6974547019788
704.224206149239,-1380.3648687979671
704.2400866234842,-1380.03234499089
704.2559670977295,-1379.6998840498952
704.2718475719747,-1379.3674867092325
704.28772804622,-1379.0351536697992
704.3036085204653,-1378.702885600618
704.3194889947106,-1378.3706831402462
704.3353694689558,-1378.038546898127
704.3512499432011,-1377.7064774558778
704.3671304174463,-1377.3744753685214
704.3830108916916,-1377.042541165666
704.3988913659368,-1376.7106753526286
704.4147718401821,-1376.3788784115102
704.4306523144273,-1376.047150802227
704.4465327886726,-1375.715492963489
704.4624132629178,-1375.383905313742
704.4782937371631,-1375.052388252063
704.4941742114083,-1374.72094215902
704.5100546856537,-1374.3895673974885
704.525935159899,-1374.0582643134387
704.5418156341442,-1373.7270332366818
704.5576961083895,-1373.3958744815864
704.5735765826347,-1373.0647883477616
704.58945705688,-1372.7337751207128
704.591838418788,-1372.6841442229202
704.6053375311252,-1372.4028350724632
704.6212180053705,-1372.0719684621538
704.6370984796157,-1371.7411755366124
704.652978953861,-1371.4104565308992
704.6688594281062,-1371.0798116688277
704.6847399023515,-1370.7492411634637
704.7006203765967,-1370.418745217601
704.7165008508421,-1370.0883240242167
704.7323813250873,-1369.757977766904
704.7482617993326,-1369.427706620291
704.7641422735778,-1369.0975107504355
704.7800227478231,-1368.7673903152058
704.7959032220683,-1368.4373454646427
704.8117836963136,-1368.1073763413074
704.8276641705588,-1367.777483080611
704.8435446448041,-1367.4476658111337
704.8594251190493,-1367.117924654925
704.8753055932946,-1366.788259727795
704.8911860675398,-1366.4586711395891
704.9070665417852,-1366.1291589944544
704.9229470160304,-1365.7997233910896
704.9388274902757,-1365.4703644229885
704.9547079645209,-1365.1410821786708
704.9705884387662,-1364.8118767419
704.9864689130114,-1364.4827481918965
705.0023493872567,-1364.153696603539
705.0182298615019,-1363.8247220475553
705.0341103357472,-1363.4958245907078
705.0499908099924,-1363.167004295968
705.0658712842377,-1362.8382612226856
705.0817517584829,-1362.509595426749
705.0976322327282,-1362.1810069607377
705.1135127069736,-1361.85249587407
705.1293931812188,-1361.524062213143
705.145273655464,-1361.1957060214663
705.1611541297093,-1360.86742733979
705.1770346039546,-1360.539226206227
705.1929150781998,-1360.2111026563712
705.208795552445,-1359.883056723407
705.2246760266903,-1359.555088438218
705.2405565009356,-1359.227197829489
705.2564369751808,-1358.899384923801
705.272317449426,-1358.5716497457297
705.2779408975188,-1358.4556138058747
705.2881979236713,-1358.2439923179284
705.3040783979166,-1357.9164126612177
705.3199588721619,-1357.588910794665
705.3358393464072,-1357.261486735663
705.3517198206524,-1356.9341405000034
705.3676002948977,-1356.6068721019487
705.3834807691429,-1356.2796815542993
705.3993612433882,-1355.9525688684594
705.4152417176334,-1355.6255340544976
705.4311221918787,-1355.2985771212082
705.4470026661239,-1354.971698076166
705.4628831403692,-1354.6448969257815
705.4787636146144,-1354.3181736753525
705.4946440888597,-1353.9915283291127
705.510524563105,-1353.6649608902812
705.5264050373503,-1353.3384713611044
705.5422855115955,-1353.0120597429022
705.9640433762494,-1344.3716307137583
706.6501458549801,-1330.4326072103677
707.3362483337108,-1316.6373171086352
708.0223508124416,-1302.9843158632077
708.7084532911723,-1289.4721411744358
709.3945557699029,-1276.0993412099965
710.0806582486337,-1262.8644784603712
710.7667607273644,-1249.7661301513715
711.4528632060951,-1236.8028881713467
712.1389656848257,-1223.973358931138
712.8250681635565,-1211.2761632158647
713.5111706422872,-1198.7099360368811
714.1972731210179,-1186.2733264850676
714.8833755997487,-1173.9649975856075
715.5694780784793,-1161.783626154261
716.25558055721,-1149.727902655115
716.9416830359407,-1137.7965310598076
717.6277855146715,-1125.9882287081996
718.3138879934022,-1114.301726170483
718.9999904721328,-1102.735767110716
719.6860929508636,-1091.2891081517605
720.3721954295943,-1079.9605187416162
721.058297908325,-1068.7487810211328
721.7444003870557,-1057.6526896930854
722.4305028657864,-1046.6710518926018
723.1166053445171,-1035.8026870589258
723.8027078232478,-1025.0464268085022
724.4888103019786,-1014.401114809374
725.1749127807093,-1003.86560665687
725.8610152594399,-993.4387697505812
726.5471177381706,-983.1194831725992
727.2332202169014,-972.9066375670168
727.9193226956321,-962.7991350206672
728.6054251743628,-952.7958889450956
729.2915276530935,-942.8958239597468
729.9776301318242,-933.0978757763584
730.6637326105549,-923.400991084548
731.3498350892856,-913.8041274385764
732.0359375680164,-904.3062531452836
732.722040046747,-894.9063471531782
733.4081425254777,-885.6033989426697
734.0942450042085,-876.3964084174359
734.7803474829392,-867.284385796909
735.4664499616699,-858.2663515098707
736.1525524404005,-849.3413360891456
736.8386549191313,-840.5083800673805
737.524757397862,-831.7665338738977
738.2108598765927,-823.1148577326151
738.8969623553235,-814.5524215610149
739.5830648340541,-806.0783048701587
740.2691673127848,-797.6915966657307
740.9552697915155,-789.3913953501042
741.6413722702463,-781.1768086254158
742.327474748977,-773.0469533976417
743.0135772277076,-765.0009556816607
743.6996797064384,-757.0379505072998
744.3857821851691,-749.1570818263466
745.0718846638998,-741.3575024205206
745.7579871426306,-733.6383738103954
746.4440896213612,-725.9988661652594
747.1301921000919,-718.4381582139065
747.8162945788226,-710.9554371563457
748.5023970575534,-703.5498985764248
749.1884995362841,-696.2207463553506
749.8746020150147,-688.9671925861057
750.5607044937454,-681.7884574887443
751.2468069724762,-674.6837693265646
751.9329094512069,-667.6523643231445
752.6190119299375,-660.6934865802326
753.3051144086683,-653.806387996487
753.991216887399,-646.9903281870528
754.6773193661297,-640.2445744039669
755.3634218448605,-633.568401457387
756.0495243235911,-626.9610916376301
756.7356268023218,-620.4219346380169
757.4217292810525,-613.9502274785117
758.1078317597833,-607.5452744301492
758.793934238514,-601.2063869402429
759.4800367172446,-594.9328835583617
760.1661391959753,-588.724089863073
760.8522416747061,-582.5793383894401
761.5383441534368,-576.4979685572669
762.2244466321675,-570.4793266000845
762.9105491108982,-564.5227654948688
763.5966515896289,-558.6276448924829
764.2827540683596,-552.7933310488384
764.9688565470904,-547.0191967567654
765.654959025821,-541.3046212785863
766.3410615045518,-535.6489902793834
767.0271639832824,-530.0516957609577
767.7132664620132,-524.5121359964655
768.3993689407439,-519.0297154657317
769.0854714194745,-513.603844791229
769.7715738982052,-508.23394067471884
770.457676376936,-502.91942583454426
771.1437788556667,-497.65972894357066
771.8298813343974,-492.45428456776574
772.5159838131281,-487.3025331054142
773.2020862918588,-482.2039207269587
773.8881887705895,-477.1578993154609
774.5742912493203,-472.1639264076782
775.260393728051,-467.22146513574586
775.9464962067816,-462.3299841694633
776.6325986855123,-457.4889576591733
777.3187011642431,-452.6978651792328
778.0048036429738,-447.95619167206354
778.6909061217045,-443.2634273927848
779.3770086004351,-438.61906785441056
780.0631110791659,-434.0226137736183
780.7492135578966,-429.4735710170735
781.4353160366273,-424.9714505483081
782.1214185153581,-420.5157683751494
782.8075209940887,-416.1060454976872
783.4936234728194,-411.7418078567811
784.1797259515502,-407.42258628309736
784.8658284302809,-403.1479164466716
785.5519309090116,-398.9173388069919
786.2380333877422,-394.73039856359713
786.924135866473,-390.5866456071836
787.6102383452037,-386.4856344712179
788.2963408239344,-382.4269242840468
788.9824433026652,-378.4100787215031
789.6685457813958,-374.4346659599993
790.3546482601265,-370.500258630104
791.0407507388572,-366.6064337706002
791.726853217588,-362.7527727830139
792.4129556963186,-358.93886138661475
793.0990581750493,-355.16428957387853
793.78516065378,-351.42865156641136
794.4712631325108,-347.73154577132544
795.1573656112415,-344.0725747380684
795.8434680899722,-340.45134511569444
796.5295705687029,-336.86746761057924
797.2156730474336,-333.320556944569
797.9017755261643,-329.81023181356176
798.5878780048951,-326.33611484651635
799.2739804836257,-322.8978325648831
799.9600829623565,-319.4950153424549
800.6461854410871,-316.1272973656302
801.3322879198179,-312.79431659408743
802.0183903985486,-309.4957147218639
802.7044928772793,-306.2311371388377
803.39059535601,-303.0002328926051
804.0766978347407,-299.80265465075274
804.7628003134714,-296.63805866351805
805.4489027922021,-293.5061047268348
806.1350052709329,-290.40645614576033
806.8211077496635,-287.33877969827995
807.5072102283942,-284.3027455994841
808.193312707125,-281.298027466116
808.8794151858557,-278.3243022814839
809.5655176645864,-275.38125036073575
810.251620143317,-272.4685553164926
810.9377226220478,-269.5859040248353
811.6238251007785,-266.7329865916434
812.3099275795092,-263.90949631927987
812.99603005824,-261.1151296736207
813.6821325369706,-258.34958625142343
814.3682350157013,-255.61256874803342
815.054337494432,-252.9037829254221
815.7404399731628,-250.22293758055645
816.4265424518934,-247.56974451409235
817.1126449306241,-244.9439184993933
817.7987474093549,-242.3451772518674
818.4848498880856,-239.7732413986205
819.1709523668163,-237.22783444842324
819.857054845547,-234.70868276198715
820.5431573242777,-232.2155155225476
821.2292598030084,-229.74806470674972
821.9153622817391,-227.30606505583597
822.6014647604699,-224.8892540471289
823.2875672392006,-222.49737186581032
823.9736697179312,-220.13016137698904
824.659772196662,-217.78736809805932
825.3458746753927,-215.46874017134223
826.0319771541233,-213.17402833701075
826.7180796328541,-210.90298590629328
827.4041821115848,-208.65536873495392
828.0902845903155,-206.43093519704624
828.7763870690462,-204.2294461589374
829.4624895477768,-202.05066495360103
830.1485920265076,-199.89435735517424
830.8346945052383,-197.76029155377816
831.520796983969,-195.6482381305973
832.2068994626998,-193.55797003321632
832.8930019414304,-191.4892625512112
833.5791044201611,-189.44189329199216
834.2652068988918,-187.41564215689593
834.9513093776226,-185.410291317524
835.6374118563533,-183.4256251923263
836.3235143350839,-181.4614304234242
837.0096168138147,-179.5174958536748
837.6957192925454,-177.59361250397063
838.3818217712761,-175.68957355077373
839.0679242500069,-173.80517430388164
839.7540267287375,-171.94021218442188
840.4401292074682,-170.09448670307503
841.1262316861989,-168.26779943852085
841.8123341649297,-166.45995401610767
842.4984366436604,-164.67075608674102
843.184539122391,-162.90001330599137
843.8706416011217,-161.1475353134156
844.5567440798525,-159.41313371209313
845.2428465585832,-157.69662204837263
845.9289490373139,-155.9978157918273
846.6150515160446,-154.31653231541793
847.3011539947753,-152.65259087585926
847.987256473506,-151.00581259418996
848.6733589522368,-149.37602043654212
849.3594614309675,-147.76303919511008
850.0455639096981,-146.16669546931462
850.7316663884288,-144.58681764716232
851.4177688671596,-143.02323588679596
852.1038713458903,-141.47578209823678
852.789973824621,-139.94428992531385
853.4760763033516,-138.42859472778017
854.1621787820824,-136.9285335636139
854.8482812608131,-135.4439451715008
855.5343837395438,-133.97466995349868
856.2204862182746,-132.52054995787992
856.9065886970052,-131.0814288621512
857.5926911757359,-129.65715195624813
858.2787936544667,-128.247566125904
858.9648961331974,-126.8525198361888
859.6509986119281,-125.47186311521932
860.3371010906587,-124.10544753803617
861.0232035693895,-122.75312621064805
861.7093060481202,-121.4147537542402
862.3954085268509,-120.09018628954531
863.0815110055817,-118.77928142137652
863.7676134843123,-117.4818982233189
864.453715963043,-116.19789722258004
865.1398184417737,-114.92714038499618
865.8259209205045,-113.66949110019262
866.5120233992352,-112.42481416689807
867.1981258779658,-111.1929757784101
867.8842283566966,-109.97384350821034
868.5703308354273,-108.76728629572828
869.256433314158,-107.57317443225188
869.9425357928887,-106.3913795469834
870.6286382716194,-105.2217745932392
871.3147407503501,-104.06423383479176
872.0008432290808,-102.91863283235264
872.6869457078116,-101.78484843019496
873.3730481865423,-100.66275874291364
874.0591506652729,-99.5522431423225
874.7452531440036,-98.45318224448611
875.4313556227344,-97.3654578968858
876.1174581014651,-96.28895316571788
876.8035605801958,-95.22355232332298
877.4896630589265,-94.16914083574471
878.1757655376572,-93.12560535041708
878.8618680163879,-92.09283368397872
879.5479704951186,-91.0707148102127
880.2340729738494,-90.05913884811116
880.92017545258,-89.05799705006244
881.6062779313107,-88.06718179016036
882.2923804100415,-87.08658655263436
882.9784828887721,-86.11610592039858
883.6645853675029,-85.15563556371912
884.3506878462335,-84.20507222899832
885.0367903249643,-83.26431372767472
885.722892803695,-82.33325892523743
886.4089952824256,-81.41180773035384
887.0950977611565,-80.49986108410934
887.7812002398871,-79.59732094935862
888.4673027186178,-78.70409030018587
889.1534051973485,-77.8200731114744
889.8395076760792,-76.94517434858373
890.5256101548099,-76.07929995713282
891.2117126335406,-75.2223568528891
891.8978151122714,-74.37425291176177
892.5839175910021,-73.53489695989781
893.2700200697327,-72.70419876388065
893.9561225484634,-71.88206902102993
894.6422250271942,-71.06841934980106
895.3283275059249,-70.26316228028396
896.0144299846556,-69.46621124479965
896.7005324633863,-68.67748056859413
897.386634942117,-67.89688546062798
898.0727374208477,-67.12434200446101
898.7588398995784,-66.3597671492312
899.4449423783092,-65.60307870072609
900.1310448570398,-64.85419531254696
900.8171473357705,-64.11303647736376
901.5032498145013,-63.37952251826027
902.189352293232,-62.65357458016851
902.8754547719627,-61.93511462139183
903.5615572506933,-61.22406540521489
904.2476597294241,-60.52035049160064
904.9337622081548,-59.82389422897268
905.6198646868855,-59.13462174608253
906.3059671656163,-58.452458943960806
906.992069644347,-57.777332487951185
907.6781721230776,-57.10916979982686
908.3642746018083,-56.44789904998791
909.0503770805391,-55.793449149739715
909.7364795592698,-55.14574974365044
910.4225820380004,-54.504731201987845
911.1086845167312,-53.870324613233485
911.7947869954619,-53.24246177667495
912.4808894741926,-52.62107519507374
913.1669919529234,-52.00609806740928
913.853094431654,-51.39746428169753
914.5391969103847,-50.79510840788375
915.2252993891154,-50.19896569080854
915.9114018678462,-49.60897204324652
916.5975043465769,-49.02506403901669
917.2836068253075,-48.44717890616388
917.9697093040382,-47.8752545202107
918.655811782769,-47.30922939747887
919.3419142614997,-46.74904268847955
920.0280167402304,-46.19463417137171
920.7141192189611,-45.64594424548832
921.4002216976919,-45.10291392492897
922.0863241764225,-44.565484832218694
922.7724266551533,-44.033599192032135
923.458529133884,-43.50719982498267
924.1446316126146,-42.98623014147537
924.8307340913453,-42.47063413562339
925.5168365700761,-41.96035637922733
926.2029390488068,-41.45534201581622
926.8890415275375,-40.955536754750625
927.5751440062681,-40.46088686538598
928.2612464849989,-39.97133917129652
928.9473489637296,-39.48684104455855
929.6334514424603,-39.00734040009283
930.3195539211911,-38.53278569006527
931.0056563999217,-38.063125898345334
931.6917588786524,-37.59831053502164
932.3778613573832,-37.138289630974256
933.0639638361138,-36.68301373250268
933.7500663148446,-36.23243389600954
934.4361687935752,-35.78650168273897
935.122271272306,-35.34516915356922
935.8083737510367,-34.90838886385918
936.4944762297674,-34.476113858347865
937.1805787084982,-34.04829766610655
937.8666811872288,-33.62489429554299
938.5527836659595,-33.205858229457256
939.2388861446902,-32.79114442014843
939.924988623421,-32.3807082845719
940.6110911021517,-31.974505699546413
941.2971935808823,-31.572492997010826
