# source_type=generated_stress_test; demo only, not measured lab data
time_us,voltage_kv
0.0,0.0
0.018735339512742817,62.619155251018746
0.037470679025485634,122.5271045829263
0.05620601853822845,179.84050075827668
0.07494135805097127,234.67097761845548
0.09367669756371408,287.1253660199572
0.1124120370764569,337.3059004801273
0.13114737658919973,385.31041693208414
0.14988271610194254,431.2325419713477
0.16861805561468535,475.1618739602362
0.18735339512742816,517.1841563403501
0.206088734640171,557.3814434883795
0.2248240741529138,595.8322594360616
0.24355941366565662,632.611749761299
0.26229475317839945,667.791826944248
0.28103009269114226,701.4413094695415
0.2997654322038851,733.6260549437177
0.3185007717166279,764.4090874853463
0.3372361112293707,793.8507196342637
0.3559714507421135,822.0086690157328
0.3747067902548563,848.9381699851937
0.3934421297675992,874.6920804695582
0.412177469280342,899.3209842117207
0.4309128087930848,922.8732886160534
0.4496481483058276,945.3953183841571
0.4683834878185704,966.9314051219819
0.48711882733131323,987.5239730916551
0.505854166844056,1007.213621273883
0.5245895063567989,1026.0392018996642
0.5433248458695417,1044.03789560322
0.5620601853822845,1061.2452833415114
0.5807955248950273,1077.6954152194587
0.5995308644077701,1093.420876353997
0.618266203920513,1108.452849904365
0.6370015434332558,1122.821177390549
0.6557368829459986,1136.5544164165678
0.6744722224587414,1149.6798959102337
0.6932075619714843,1162.2237689862638
0.711942901484227,1174.2110635349804
0.7306782409969699,1185.665730634462
0.7494135805097126,1196.610690879788
0.7681489200224555,1207.0678787189954
0.7868842595351984,1217.0582848815027
0.8056195990479411,1226.6019969810773
0.824354938560684,1235.7182383718823
0.8430902780734267,1244.4254053327622
0.8618256175861696,1252.7411026516975
0.8805609570989124,1260.6821776792558
0.8992962966116552,1268.2647529169155
0.9180316361243981,1275.5042572032903
0.9367669756371408,1282.4154555585894
0.9555023151498837,1289.012477745031
0.9742376546626265,1295.3088455984648
0.9929729941753693,1301.3174991840635
1.011708333688112,1307.0508218266807
1.0304436732008548,1312.5206640642944
1.0491790127135978,1317.7383665708621
1.0679143522263406,1322.7147820929376
1.0866496917390833,1327.4602964424746
1.1053850312518263,1331.9848485864277
1.124120370764569,1336.2979498720072
1.1428557102773118,1340.408702424782
1.1615910497900546,1344.3258167552117
1.1803263893027975,1348.0576286076678
1.1990617288155403,1351.6121150845354
1.217797068328283,1354.9969100765852
1.236532407841026,1358.219319029461
1.2552677473537688,1361.2863330748487
1.2740030868665115,1364.2046425536582
1.2927384263792543,1366.9806499573795
1.3114737658919973,1369.620482312643
1.33020910540474,1372.1300030329412
1.3489444449174828,1374.5148232604379
1.3676797844302258,1376.780312719801
1.3864151239429685,1378.9316101050542
1.4051504634557113,1380.9736330195444
1.423885802968454,1382.9110874882426
1.442621142481197,1384.748477060787
1.4613564819939397,1386.4901115228702
1.4800918215066825,1388.140115232825
1.4988271610194253,1389.7024350995353
1.5175625005321682,1391.180848217097
1.536297840044911,1392.578969171007
1.5550331795576537,1393.9002570300024
1.5737685190703967,1395.1480220370859
1.5925038585831395,1396.3254320126678
1.6112391980958822,1397.4355184822195
1.629974537608625,1398.4811825402871
1.648709877121368,1399.4652004622099
1.6674452166341107,1400.3902290743974
1.6861805561468535,1401.2588108935527
1.7049158956595964,1402.0733790447823
1.7236512351723392,1402.8362619681134
1.742386574685082,1403.5496879225068
1.7611219141978247,1404.215789296093
1.7798572537105677,1404.8366067309623
1.7985925932233104,1405.4140930704866
1.8173279327360532,1405.9501171368097
1.8360632722487962,1406.446467345816
1.854798611761539,1406.9048551665628
1.8735339512742817,1407.326918431877
1.8922692907870244,1407.7142245065113
1.9110046302997674,1408.0682733189958
1.9297399698125102,1408.3905002630427
1.948475309325253,1408.6822789741213
1.967210648837996,1408.9449239865735
1.9859459883507387,1409.179693276405
2.0046813278634814,1409.3877906946782
2.023416667376224,1409.5703682962073
2.042152006888967,1409.7285285680634
2.0608873464017097,1409.8633265621986
2.079622685914453,1409.9757719363174
2.0983580254271956,1410.0668309069367
2.1170933649399384,1410.1374281184221
2.135828704452681,1410.1884484316035
2.154564043965424,1410.2207386354426
2.1732993834781666,1410.2351090850525
2.179544496649081,1410.2360520776394
2.1920347229909094,1410.2323352692438
2.2107700625036526,1410.2131593106299
2.2295054020163954,1410.1782914011876
2.248240741529138,1410.1284111760551
2.266976081041881,1410.064169028225
2.2857114205546236,1409.9861873666698
2.3044467600673664,1409.89506182034
2.323182099580109,1409.7913623903598
2.3419174390928523,1409.6756345526494
2.360652778605595,1409.5484003131107
2.379388118118338,1409.41015921741
2.3981234576310806,1409.2613893173175
2.4168587971438233,1409.1025480954715
2.435594136656566,1408.9340733503545
2.454329476169309,1408.7563840431917
2.473064815682052,1408.5698811084146
2.491800155194795,1408.3749482292549
2.5105354947075376,1408.1719525799667
2.5292708342202803,1407.9612455361164
2.548006173733023,1407.7431633543147
2.566741513245766,1407.5180278226987
2.5854768527585086,1407.286146883433
2.604212192271252,1407.0478152284225
2.6229475317839945,1406.8033148694003
2.6416828712967373,1406.5529156834837
2.66041821080948,1406.2968759352605
2.679153550322223,1406.0354427764107
2.6978888898349656,1405.7688527238347
2.7166242293477083,1405.4973321172095
2.7353595688604515,1405.2210975568557
2.7540949083731943,1404.940356322772
2.772830247885937,1404.6553067756345
2.7915655873986798,1404.3661387405457
2.8103009269114225,1404.0730338742753
2.8290362664241653,1403.7761660166968
2.847771605936908,1403.475701527106
2.8665069454496512,1403.171799606068
2.885242284962394,1402.8646126034196
2.8970993799815616,1402.6685711424786
2.9039776244751367,1402.5542863130179
2.9227129639878795,1402.240960254806
2.9414483035006223,1401.9247679447487
2.960183643013365,1401.605837153147
2.9789189825261078,1401.2842901518445
2.9976543220388505,1400.9602439507955
3.0163896615515937,1400.6338105244547
3.0351250010643365,1400.305097028427
3.0538603405770792,1399.9742060067965
3.072595680089822,1399.6412355905359
3.0913310196025647,1399.306279687376
3.1100663591153075,1398.969428163511
3.1288016986280502,1398.6307670174826
3.1475370381407934,1398.2903785465842
3.166272377653536,1397.9483415061052
3.185007717166279,1397.6047312617238
3.2037430566790217,1397.2596199353443
3.2224783961917645,1396.913076544659
3.241213735704507,1396.5651671367036
3.25994907521725,1396.2159549156709
3.278684414729993,1395.8655003652218
3.297419754242736,1395.513861365534
3.3161550937554787,1395.1610933053173
3.3348904332682214,1394.8072491890073
3.353625772780964,1394.452379739348
3.372361112293707,1394.0965334955606
3.3910964518064497,1393.739756907287
3.409831791319193,1393.3820944244965
3.4285671308319356,1393.0235885835184
3.4473024703446784,1392.6642800893758
3.466037809857421,1392.3042078945775
3.484773149370164,1391.94340927452
3.5035084888829067,1391.5819198996428
3.5222438283956494,1391.219773904482
3.5409791679083926,1390.8570039537526
3.5597145074211354,1390.4936413055864
3.578449846933878,1390.1297158720497
3.597185186446621,1389.7652562770572
3.6146542633140424,1389.424972269845
3.6159205259593636,1389.400289911796
3.6346558654721064,1389.034842987761
3.653391204984849,1388.6689405875113
3.6721265444975923,1388.302606713244
3.690861884010335,1387.9358643332755
3.709597223523078,1387.5687354265224
3.7283325630358206,1387.2012410250738
3.7470679025485634,1386.8334012549242
3.765803242061306,1386.4652353749611
3.784538581574049,1386.0967618142715
3.803273921086792,1385.7279982078421
3.822009260599535,1385.3589614307284
3.8407446001122776,1384.9896676307474
3.8594799396250203,1384.6201322597697
3.878215279137763,1384.2503701036615
3.896950618650506,1383.8803953109382
3.9156859581632486,1383.510221420188
3.934421297675992,1383.1398613863141
3.9531566371887346,1382.769327605646
3.9718919767014773,1382.3986319399742
3.99062731621422,1382.0277857395474
4.009362655726963,1381.656799865082
4.028097995239706,1381.2856847088244
4.046833334752448,1380.914450214707
4.065568674265191,1380.543105897637
4.084304013777934,1380.171660861955
4.103039353290677,1379.8001238190996
4.121774692803419,1379.4285031045135
4.140510032316163,1379.0568066938185
4.159245371828906,1378.685042218299
4.1779807113416485,1378.3132169797161
4.196716050854391,1377.9413379644861
4.215451390367134,1377.5694118572478
4.234186729879877,1377.197445053847
4.2529220693926195,1376.825443673762
4.271657408905362,1376.4534135719941
4.290392748418105,1376.0813603504473
4.309128087930848,1375.7092893688182
4.3278634274435905,1375.337205755016
4.332209146646523,1375.2508985458014
4.346598766956333,1374.9651144151374
4.365334106469076,1374.593020043008
4.384069445981819,1374.2209271293166
4.4028047854945624,1373.848839970356
4.421540125007305,1373.476762676386
4.440275464520048,1373.104699179638
4.459010804032791,1372.7326532419743
4.4777461435455335,1372.360628462221
4.496481483058276,1371.9886282831792
4.515216822571019,1371.616655998341
4.533952162083762,1371.2447147583123
4.5526875015965045,1370.8728075769616
4.571422841109247,1370.5009373373025
4.59015818062199,1370.1291067971247
4.608893520134733,1369.7573185943818
4.6276288596474755,1369.3855752523475
4.646364199160218,1369.0138791845498
4.665099538672962,1368.6422326994934
4.683834878185705,1368.270638005178
4.702570217698447,1367.8990972134234
4.72130555721119,1367.5276123440078
4.740040896723933,1367.156185328628
4.758776236236676,1366.7848180146889
4.777511575749418,1366.4135121689324
4.796246915262161,1366.0422694809045
4.814982254774904,1365.6710915662818
4.833717594287647,1365.2999799700451
4.8524529338003894,1364.928936169525
4.871188273313132,1364.5579615773113
4.889923612825875,1364.1870575440382
4.908658952338618,1363.8162253610524
4.9273942918513605,1363.4454662629616
4.946129631364104,1363.0747814300776
4.964864970876847,1362.7041719907522
4.98360031038959,1362.3336390236134
5.002335649902332,1361.963183559705
5.021070989415075,1361.592806584533
5.039806328927818,1361.2225090400273
5.049764029979004,1361.025731140265
5.058541668440561,1360.852291826415
5.077277007953303,1360.4821558040162
5.096012347466046,1360.1121017949606
5.114747686978789,1359.7421305848304
5.133483026491532,1359.372242924235
5.152218366004274,1359.0024395303142
5.170953705517017,1358.6327210881786
5.18968904502976,1358.2630882522894
5.208424384542504,1357.8935416477766
5.227159724055246,1357.5240818716998
5.245895063567989,1357.1547094942584
5.264630403080732,1356.7854250599476
5.283365742593475,1356.4162290886618
5.302101082106217,1356.0471220767572
5.32083642161896,1355.6781044980619
5.339571761131703,1355.3091768048469
5.358307100644446,1354.940339428753
5.377042440157188,1354.5715927816807
5.395777779669931,1354.2029372566367
5.414513119182674,1353.8343732285493
5.433248458695417,1353.4659010550474
5.451983798208159,1353.0975210772017
5.470719137720903,1352.7292336202404
5.489454477233646,1352.3610389942307
5.5081898167463885,1351.9929374947303
5.526925156259131,1351.624929403413
5.545660495771874,1351.2570149886649
5.564395835284617,1350.8891945061596
5.5831311747973595,1350.521468199401
5.601866514310102,1350.1538363002512
5.620601853822845,1349.7862990294295
5.639337193335588,1349.4188565969926
5.658072532848331,1349.0515092027938
5.676807872361073,1348.6842570369229
5.695543211873816,1348.3171002801246
5.714278551386559,1347.9500391042036
5.7330138908993025,1347.5830736724074
5.751749230412045,1347.2162041397967
5.767318913311485,1346.9113965688512
5.770484569924788,1346.8494306535952
5.789219909437531,1346.4827533535301
5.8079552489502735,1346.1161723721525
5.826690588463016,1345.7496878351485
5.845425927975759,1345.3832998616335
5.864161267488502,1345.0170085644356
5.8828966070012445,1344.6508140503668
5.901631946513987,1344.2847164204818
5.92036728602673,1343.9187157703252
5.939102625539473,1343.552812190171
5.9578379650522155,1343.1870057652475
5.976573304564958,1342.8212965759562
5.995308644077701,1342.455684698079
6.014043983590445,1342.0901702029769
6.032779323103187,1341.7247531577823
6.05151466261593,1341.3594336255792
6.070250002128673,1340.9942116655789
6.088985341641416,1340.6290873332864
6.1077206811541584,1340.2640606806601
6.126456020666901,1339.8991317562654
6.145191360179644,1339.5343006054209
6.163926699692387,1339.169567270337
6.1826620392051295,1338.8049317902519
6.201397378717872,1338.440394201559
6.220132718230615,1338.0759545379287
6.238868057743358,1337.711612830427
6.2576033972561005,1337.347369107628
6.276338736768844,1336.983223395721
6.295074076281587,1336.6191757186125
6.31380941579433,1336.2552260980267
6.332544755307072,1335.8913745535983
6.351280094819815,1335.5276211029623
6.370015434332558,1335.163965761842
6.388750773845301,1334.8004085441312
6.407486113358043,1334.4369494619705
6.426221452870786,1334.0735885258277
6.444956792383529,1333.7103257445663
6.463692131896272,1333.3471611255165
6.482427471409014,1332.984094674541
6.4848737966439645,1332.9366953273552
6.501162810921757,1332.6211263960988
6.5198981504345,1332.2582562933053
6.538633489947243,1331.8954843679917
7.202428679976445,1319.1057364757648
7.919983563308926,1305.4180598682804
8.637538446641408,1291.8723701319598
9.355093329973887,1278.467229454955
10.072648213306369,1265.201186017956
10.790203096638848,1252.072797698471
11.507757979971329,1239.0806363420745
12.22531286330381,1226.22328842876
12.94286774663629,1213.499355071639
13.660422629968771,1200.907451893038
14.377977513301252,1188.4462088791274
15.095532396633732,1176.1142702318386
15.813087279966213,1163.9102942215304
16.530642163298694,1151.8329530410426
17.248197046631176,1139.880932661233
17.965751929963655,1128.052932688013
18.683306813296134,1116.3476662208618
19.400861696628617,1104.7638597128107
20.1184165799611,1093.3002528318798
20.835971463293575,1081.9555983239513
21.553526346626057,1070.7286618770688
22.27108122995854,1059.6182219871405
22.988636113291022,1048.6230698250401
23.706190996623498,1037.7420091050828
24.42374587995598,1026.9738559548696
25.141300763288463,1016.3174387864793
25.85885564662094,1005.7715981689996
26.57641052995342,995.3351867023788
27.293965413285903,985.0070688925869
28.011520296618386,974.7861210280738
28.72907517995086,964.6712310575072
29.446630063283344,954.6612984687803
30.164184946615826,944.7552341692742
30.88173982994831,934.9519603673651
31.599294713280784,925.2504104551573
32.31684959661327,915.6495288924355
33.03440447994575,906.1482710918216
33.75195936327823,896.7456033051213
34.46951424661071,887.4405025108524
35.18706912994319,878.2319563029371
35.90462401327567,869.118962780552
36.62217889660815,860.1005304391205
37.33973377994063,851.1756780624346
38.05728866327311,842.3434346158991
38.77484354660559,833.6028391408805
39.49239842993807,824.9529406501538
40.20995331327055,816.3927980244348
40.927508196603036,807.9214799099842
41.64506307993551,799.5380646172757
42.362617963267994,791.2416400207146
43.080172846600476,783.0313034593987
43.79772772993296,774.9061616389059
44.515282613265434,766.865330534104
45.23283749659792,758.9079352929676
45.9503923799304,751.0331101413923
46.66794726326288,743.2399982889988
47.38550214659536,735.5277518359117
48.10305702992784,727.8955316805077
48.82061191326032,720.3425074281205
49.5381667965928,712.8678573006925
50.25572167992528,705.4707680473646
50.97327656325776,698.1504348559929
51.690831446590245,690.9060612655853
52.40838632992272,683.7368590796449
53.1259412132552,676.6420482804128
53.843496096587685,669.6208569440026
54.56105097992017,662.6725211564129
55.27860586325264,655.7962849304131
55.996160746585126,648.9914001232909
56.71371562991761,642.2571263554538
57.43127051325009,635.5927309298744
58.148825396582566,628.9974887523729
58.86638027991505,622.4706822527245
59.58393516324753,616.0116013065888
60.30149004658001,609.6195431582463
61.01904492991249,603.2938123441377
61.73659981324497,597.0337206171968
62.454154696577454,590.8385868719687
63.17170957990993,584.7077370705044
63.88926446324241,578.640504169025
64.6068193465749,572.6362280453455
65.32437422990738,566.6942554270545
66.04192911323986,560.8139398204356
66.75948399657234,554.9946414401295
67.47703887990482,549.2357271395233
68.19459376323731,543.5365703418646
68.91214864656979,537.8965509720887
69.62970352990227,532.3150553893531
70.34725841323474,526.7914763202742
71.06481329656722,521.3252127928532
71.7823681798997,515.9156700710913
72.49992306323219,510.56225959028086
73.21747794656467,505.26439889296915
73.93503282989715,500.0215115655862
74.65258771322964,494.8330271757303
75.3701425965621,489.69838121010446
76.08769747989459,484.61701501309625
76.80525236322707,479.58837572599595
77.52280724655955,474.6119162268444
78.24036212989203,469.6870950709058
78.95791701322452,464.81337643175794
79.675471896557,459.99023004299283
80.39302677988948,455.2171311405245
81.11058166322195,450.4935604054927
81.82813654655443,445.8190039077611
82.54569142988692,441.19295305000094
83.2632463132194,436.614904512355
83.98080119655188,432.0843601976758
84.69835607988436,427.60082717733206
85.41591096321685,423.1638176375773
86.13346584654931,418.77284882647587
86.8510207298818,414.4274430013773
87.56857561321428,410.1271273769395
88.28613049654676,405.8714340736872
89.00368537987924,401.65990006710786
89.72124026321173,397.4920671372721
90.43879514654421,393.3674818189807
91.15635002987669,389.2856953524259
91.87390491320916,385.24626363436613
92.59145979654164,381.2487471698069
93.30901467987412,377.29271102418363
94.0265695632066,373.3777247760397
94.74412444653909,369.50336247019663
95.46167932987157,365.66920257140924
96.17923421320405,361.8748279185019
96.89678909653652,358.11982567898207
97.614343979869,354.4037873041219
98.33189886320149,350.7263084845091
99.04945374653397,347.0869891060568
99.76700862986645,343.485433206471
100.48456351319894,339.9212489321692
101.20211839653142,336.39404849564653
101.9196732798639,332.9034481332836
102.63722816319637,329.4490680635931
103.35478304652885,326.0305324458983
104.07233792986133,322.64746933944224
104.78989281319382,319.2995106629191
105.5074476965263,315.98629215442725
106.22500257985878,312.7074533318366
106.94255746319126,309.46263745356816
107.66011234652373,306.2514914797797
108.37766722985621,303.0736660339549
109.0952221131887,299.92881536489057
109.81277699652118,296.8165973090789
110.53033187985366,293.7366732534789
111.24788676318614,290.6887080986758
111.96544164651863,287.6723702224212
112.68299652985111,284.6873314435524
113.40055141318358,281.7332669862859
114.11810629651606,278.80985544488124
114.83566117984854,275.9167787486719
115.55321606318103,273.0537221274589
116.27077094651351,270.220374077263
116.98832582984599,267.41642632643305
117.70588071317847,264.6415738021057
118.42343559651094,261.89551459701295
119.14099047984342,259.17794993663404
119.8585453631759,256.48858414668905
120.57610024650839,253.82712462096865
121.29365512984087,251.1932817894985
122.01121001317335,248.58676908703336
122.72876489650584,246.00730292187902
123.44631977983832,243.45460264503643
124.16387466317079,240.92839051966746
124.88142954650327,238.4283916908762
125.59898442983575,235.95433415580496
126.31653931316824,233.50594873403963
127.03409419650072,231.08296903832283
127.7516490798332,228.6851314455703
128.46920396316568,226.31217506818888
129.18675884649815,223.96384172569105
129.90431372983062,221.63987591660518
130.62186861316312,219.34002479067598
131.33942349649558,217.064038121355
132.05697837982805,214.81166827857473
132.77453326316055,212.5826702018068
133.49208814649302,210.37680137339885
134.20964302982551,208.1938217921883
134.92719791315798,206.0334939473902
135.64475279649048,203.89558279275522
136.36230767982295,201.77985572099703
137.07986256315544,199.6860825384837
137.7974174464879,197.61403544019313
138.51497232982038,195.5634889849265
139.23252721315288,193.53422007078103
139.95008209648535,191.526007910876
140.66763697981784,189.53863400932994
141.3851918631503,187.57188213748972
142.1027467464828,185.62553831040293
142.82030162981528,183.69939076353734
143.53785651314774,181.79322992973965
144.25541139648024,179.906848416435
144.9729662798127,178.04004098306243
145.6905211631452,176.19260451874393
146.40807604647767,174.36433802018624
147.12563092981017,172.5550425698111
147.84318581314264,170.76452131411318
148.5607406964751,168.99257944224186
149.2782955798076,167.23902416480544
149.99585046314007,165.50366469289602
150.71340534647257,163.78631221733073
151.43096022980504,162.0867798881098
152.14851511313753,160.4048827940861
152.86606999647,158.7404379428477
153.58362487980247,157.09326424080726
154.30117976313497,155.4631824734991
155.01873464646744,153.85001528608052
155.73628952979993,152.2535871640351
156.4538444131324,150.67372441407713
157.1713992964649,149.11025514525284
157.88895417979737,147.5630092502388
158.60650906312986,146.0318183868341
159.32406394646233,144.51651595964444
160.0416188297948,143.0169371019565
160.7591737131273,141.5329186577996
161.47672859645976,140.0642991641953
162.19428347979226,138.61091883358876
162.91183836312473,137.17261953646485
163.62939324645723,135.74924478414232
164.3469481297897,134.34063971174865
165.06450301312216,132.94665106136986
165.78205789645466,131.56712716537635
166.49961277978713,130.2019179299209
167.21716766311962,128.8508748186085
167.9347225464521,127.5138508363355
168.6522774297846,126.19070051329587
169.36983231311706,124.88127988915473
170.08738719644953,123.58544649738452
170.80494207978202,122.3030593497649
171.5224969631145,121.03397892104293
172.240051846447,119.7780671337525
172.95760672977946,118.5351873431916
173.67516161311195,117.30520432255487
174.39271649644442,116.08798424822093
175.1102713797769,114.88339468519226
175.8278262631094,113.69130457268597
176.54538114644185,112.51158420987448
177.26293602977435,111.34410524177343
177.98049091310682,110.18874064527724
178.69804579643932,109.045364715338
179.41560067977179,107.91385305128946
180.13315556310428,106.79408254331123
180.85071044643675,105.68593135903512
181.56826532976922,104.58927893028896
182.28582021310172,103.504005939979
183.00337509643418,102.42999430910801
183.72092997976668,101.36712718392806
184.43848486309915,100.31528892322686
185.15603974643165,99.27436508574557
185.8735946297641,98.24424241772775
186.59114951309658,97.22480884059708
187.30870439642908,96.21595343876302
188.02625927976155,95.21756644755331
188.74381416309404,94.229539241271
189.4613690464265,93.25176432137634
190.178923929759,92.28413530479045
190.89647881309148,91.326546912321
191.61403369642395,90.37889495720735
192.33158857975644,89.4410763337852
193.0491434630889,88.51298900626853
193.7666983464214,87.59453199764788
194.48425322975388,86.68560537870397
195.20180811308637,85.78611025713533
195.91936299641884,84.8959487667987
196.63691787975134,84.01502405706097
197.3544727630838,83.14324028226181
198.07202764641627,82.28050259128557
198.78958252974877,81.42671711724125
199.50713741308124,80.58179096724982
200.22469229641374,79.74563221233717
200.9422471797462,78.91814987743241
201.6598020630787,78.09925393146939
202.37735694641117,77.28885527759135
203.09491182974364,76.48686574345706
203.81246671307613,75.69319807164753
204.5300215964086,74.90776591017246
205.2475764797411,74.13048380307465
205.96513136307357,73.36126718113287
206.68268624640606,72.60003235266001
207.40024112973853,71.84669649439788
208.117796013071,71.10117764250545
208.8353508964035,70.36339468364142
209.55290577973597,69.63326734613895
210.27046066306846,68.91071619127187
210.98801554640093,68.19566260461173
211.70557042973343,67.48802878747442
212.4231253130659,66.78773774845575
213.14068019639836,66.09471329505446
213.85823507973086,65.40888002538237
214.57578996306333,64.73016331996092
215.29334484639583,64.05848933360204
216.0108997297283,63.39378498737407
216.7284546130608,62.73597796065031
217.44600949639326,62.084996683240846
218.16356437972576,61.44077032760533
218.88111926305822,60.80322880114708
219.5986741463907,60.172302738586666
220.3162290297232,59.54792349441508
221.03378391305566,58.93002313542508
221.75133879638815,58.318534433319726
222.46889367972062,57.713390857398075
223.18644856305312,57.114526567316446
223.9040034463856,56.52187640592502
224.62155832971806,55.93537589217857
225.33911321305055,55.35496121412081
226.05666809638302,54.78056922194175
226.77422297971552,54.21213742110673
227.491777863048,53.64960396555715
228.20933274638048,53.0929076509812
228.92688762971295,52.541987908155214
229.64444251304542,51.996784796353296
230.36199739637792,51.45723899682585
231.07955227971038,50.92329180634565
231.79710716304288,50.39488513082075
232.51466204637535,49.87196147897395
233.23221692970785,49.35446395608745
233.94977181304031,48.84233625781286
234.66732669637278,48.33552266404508
235.38488157970528,47.83396803285993
236.10243646303775,47.33761779451462
236.81999134637024,46.84641794551054
237.5375462297027,46.36031504271761
238.2551011130352,45.87925619755952
238.97265599636768,45.40318907025952
239.69021087970017,44.93206186414565
240.40776576303264,44.46582332001539
241.1253206463651,44.00442271055838
241.8428755296976,43.5478098348373
242.56043041303008,43.09593501282612
243.27798529636257,42.64874908000457
243.99554017969504,42.20620338200924
244.71309506302754,41.768249769339675
245.43064994636,41.33484059211992
246.14820482969247,40.905928694913946
246.86575971302497,40.48146741159518
247.58331459635744,40.06141056026916
248.30086947968994,39.64571243824885
249.0184243630224,39.23432781708224
249.7359792463549,38.827211937631276
250.45353412968737,38.42432050520218
251.17108901301984,38.025609684726
251.88864389635233,37.631036095989344
252.6061987796848,37.24055680891466
