time_us,voltage_kv
0.0,0.0
0.8694167636539596,20.4427333821985
1.7388335273079192,39.84714716239429
2.608250290961878,58.20427987798472
3.4776670546158384,75.57040121850284
4.347083818269797,91.99875759995629
5.216500581923756,107.53973460055472
5.4707922959335455,111.92446746733997
6.085917345577716,122.24101066663026
6.955334109231677,136.14770256535434
7.8247508728856365,149.30250301610693
8.694167636539595,161.74581093254244
9.563584400193555,173.5158546644919
10.433001163847512,184.648808616722
11.302417927501473,195.17890360783036
12.171834691155432,205.13853129071157
13.041251454809393,214.5583429723966
13.910668218463353,223.4673431164606
14.780084982117312,231.89297782714792
15.649501745771273,239.86121857643317
16.51891850942523,247.39664143365124
17.38833527307919,254.52250203807463
18.25775203673315,261.2608065433427
19.12716880038711,267.6323787501699
19.99658556404107,273.65692363212855
20.866002327695025,279.35308744758134
21.735419091348987,284.7385146263031
22.604835855002946,289.82990158832746
23.47425261865691,294.64304768679096
24.343669382310864,299.1929034031499
25.213086145964827,303.4936159517017
26.082502909618785,307.5585724445788
26.951919673272748,311.40044072551166
27.821336436926707,315.0312080158847
28.690753200580662,318.4622174865214
29.560169964234625,321.70420285678995
30.429586727888584,324.7673211424433
31.299003491542546,327.6611836386447
32.1684202551965,330.3948852463746
33.03783701885046,332.9770322064787
33.90725378250443,335.4157683675012
34.03903962884472,335.77340240201994
34.77667054615838,337.7188000174131
35.64608730981234,339.8934194027114
36.5155040734663,341.9465269665263
37.38492083712026,343.8846524051451
38.25433760077422,345.7139745838753
39.12375436442818,347.4403403886293
39.99317112808214,349.06928256201127
40.8625878917361,350.60603658159664
41.73200465539005,352.05555662990787
42.601421419044016,353.4225307138401
43.470838182697975,354.7113949566684
44.34025494635194,355.92634713829847
45.20967171000589,357.0713595005871
46.07908847365985,358.1501908590786
46.94850523731382,359.1663980796881
47.81792200096778,360.1233469193831
48.68733876462173,361.02422230063337
49.556755528275694,361.87203802600624
50.42617229192965,362.6696459685566
51.29558905558361,363.41974477874635
52.16500581923757,364.1248881092046
53.03442258289153,364.78749241205895
53.903839346545496,365.4098443051573
54.77325611019945,365.9941075506226
55.642672873853414,366.5423296555485
56.51208963750737,367.0564481182212
57.381506401161325,367.53829633805054
58.25092316481529,367.98960920742417
59.12033992846925,368.41202840674515
59.98975669212321,368.8071074113277
60.85917345577717,369.1763162310808
61.728590219431126,369.52104589487556
62.59800698308509,369.84261269279506
63.46742374673904,370.14226219258035
64.336840510393,370.42117304095717
65.20625727404696,370.68046055574314
66.07567403770092,370.92118013170875
66.94509080135488,371.1443304586026
67.81450756500885,371.3508565690394
68.6839243286628,371.541652718997
69.55334109231676,371.7175651172408
70.42275785597073,371.879394507438
71.29217461962467,372.0278986108296
72.16159138327863,372.1637944368561
73.0310081469326,372.28776047211045
73.90042491058657,372.4004387474786
74.76984167424052,372.5024367990372
75.63925843789448,372.5943295194199
76.50867520154844,372.6766609174029
77.3780919652024,372.74994576764817
78.24750872885636,372.81467118820956
79.11692549251032,372.8712981281824
79.98634225616428,372.92026276523416
80.85575901981824,372.96197784451357
81.7251757834722,372.9968339362976
82.59459254712615,373.0252006219265
83.4640093107801,373.0474276288409
84.33342607443407,373.0638458934563
85.20284283808803,373.07476856925376
86.07225960174199,373.0804919871938
86.65187077751129,373.0815582244666
86.94167636539595,373.0812965538755
87.81109312904991,373.0774476132896
88.68050989270388,373.06919624932647
89.54992665635783,373.0567800561772
90.41934342001178,373.0404238631646
91.28876018366576,373.0203404192183
92.1581769473197,372.99673104359584
93.02759371097369,372.9697862365361
93.89701047462763,372.93968626354655
94.76642723828158,372.90660170517117
95.63584400193557,372.87069397643324
96.50526076558951,372.83211582028696
97.37467752924346,372.79101177124573
98.24409429289742,372.7475185989795
99.11351105655139,372.7017657238742
99.98292782020535,372.65387561306017
100.8523445838593,372.6039641539691
101.72176134751327,372.55214100757456
102.59117811116722,372.4985099406971
103.46059487482118,372.44316914619066
104.33001163847514,372.3862115404342
105.19942840212912,372.3277250477388
106.06884516578306,372.26779286847176
106.93826192943702,372.20649373236455
107.80767869309099,372.1439021378431
108.67709545674494,372.08008858124987
109.5465122203989,372.01511977085823
110.41592898405287,371.94905883084374
111.28534574770683,371.8819654944965
112.15476251136077,371.81389628204965
113.02417927501475,371.7449046820897
113.8935960386687,371.67504130306924
114.76301280232265,371.6043540403626
115.63242956597662,371.5328882093983
116.50184632963058,371.4606866970039
117.37126309328453,371.3877900792631
118.2406798569385,371.3142367580358
119.11009662059246,371.24006306579554
119.97951338424642,371.1653033883049
120.84893014790038,371.08999025828496
121.71834691155433,371.0141544652761
122.58776367520828,370.9378251399472
123.45718043886225,370.8610298500566
124.32659720251621,370.7837946829421
125.19601396617018,370.7061443206484
126.06543072982412,370.62810212101704
126.93484749347807,370.5496901867854
127.80426425713205,370.4709294336008
128.673681020786,370.39183965051774
129.54309778443996,370.3124395648508
130.41251454809392,370.2327468975787
131.2819313117479,370.152778417877
132.15134807540184,370.072549991625
133.02076483905583,369.99207663340405
133.89018160270976,369.9113725505398
134.75959836636372,369.8304511880626
135.6290151300177,369.74932526655596
136.49843189367166,369.6680068235907
137.3678486573256,369.5865072497414
138.23726542097955,369.504837323348
139.1066821846335,369.42300724341027
139.9760989482875,369.3410266607141
140.84551571194146,369.258904707286
141.71493247559542,369.1766500242652
142.58434923924935,369.09427078827764
143.4537660029033,369.01177473639393
144.32318276655727,368.92916918974515
145.19259953021125,368.8464610758709
146.0620162938652,368.7636569501428
146.93143305751914,368.6807630144239
147.80084982117313,368.5977851382358
148.67026658482706,368.5147288754637
149.53968334848105,368.43159948147206
150.409100112135,368.3484019282217
151.27851687578897,368.2651409203854
152.1479336394429,368.1818209099528
153.01735040309688,368.09844610935284
153.88676716675084,368.0150205046003
154.7561839304048,367.93154786742514
155.62560069405876,367.8480317667557
156.49501745771272,367.76447557923393
157.36443422136665,367.68088249945464
158.23385098502064,367.5972555508481
159.1032677486746,367.5135975925991
159.97268451232856,367.4299113337093
160.84210127598251,367.3461993336688
161.71151803963647,367.26246401474003
162.58093480329043,367.178707670344
163.4503515669444,367.094932470819
164.31976833059838,367.01114046686405
165.1891850942523,366.9273336003251
166.05860185790627,366.8435137101484
166.9280186215602,366.7596825336634
167.79743538521421,366.6758417150879
168.66685214886814,366.59199281123523
169.5362689125221,366.5081372949827
170.40568567617606,366.4242765580733
171.27510243983002,366.3404119187826
172.14451920348398,366.2565446246906
173.01393596713797,366.17267585323697
173.8833527307919,366.08880672367866
174.7527694944459,366.0049382887162
175.62218625809982,365.9210715489808
176.49160302175378,365.83720744891474
177.36101978540776,365.7533468814341
178.2304365490617,365.66949069440557
179.09985331271565,365.58563968525914
179.96927007636964,365.5017946127423
180.83868684002357,365.417956191612
181.70810360367756,365.3341250988181
182.57752036733152,365.25030197652495
183.44693713098545,365.16648742822787
184.3163538946394,365.0826820291525
185.18577065829336,364.998886319731
186.05518742194738,364.9151008138534
186.9246041856013,364.8313259955439
187.79402094925527,364.74756232412346
188.6634377129092,364.6638102328183
189.53285447656316,364.5800701321599
190.40227124021715,364.49634240991736
191.27168800387113,364.41262743291765
192.14110476752506,364.32892554823314
193.01052153117902,364.24523708355963
193.87993829483298,364.1615623495178
194.7493550584869,364.0779016384781
195.6187718221409,363.9942552296645
196.48818858579483,363.9106233821003
197.35760534944882,363.8270063469718
198.22702211310278,363.74340435613425
199.09643887675674,363.65981763151683
199.9658556404107,363.57624638379457
200.83527240406465,363.49269080837206
201.7046891677186,363.40915109475776
202.57410593137254,363.32562741781817
203.44352269502653,363.2421199448541
204.31293945868052,363.15862883465996
205.18235622233445,363.0751542344223
206.0517729859884,362.99169628685655
206.92118974964237,362.9082551235878
207.7906065132963,362.8248308701257
208.66002327695028,362.74142364715055
209.52944004060427,362.6580335639458
210.39885680425823,362.5746607271005
211.26827356791216,362.4913052382268
212.13769033156612,362.40796718919813
213.00710709522005,362.324646669457
213.87652385887404,362.24134376460825
214.74594062252802,362.158058551864
215.61535738618198,362.0747911061508
216.4847741498359,361.99154149945315
217.35419091348987,361.90830979660075
218.22360767714383,361.82509606023825
219.0930244407978,361.7419003507579
219.96244120445178,361.65872272252847
220.83185796810574,361.5755632275484
221.70127473175967,361.49242191693645
222.57069149541366,361.4092988362969
223.4401082590676,361.32619402823696
224.30952502272154,361.2431075344975
225.1789417863755,361.1600393952027
226.0483585500295,361.0769896453863
226.91777531368342,360.99395831878
227.7871920773374,360.91094544807595
228.65660884099137,360.82795106441046
229.5260256046453,360.7449751947878
230.39544236829926,360.6620178657417
231.26485913195324,360.5790791025767
232.13427589560723,360.4961589292194
233.00369265926116,360.41325736641545
233.87310942291512,360.3303744345807
234.74252618656905,360.2475101535032
235.611942950223,360.16466454153027
236.481359713877,360.08183761405803
237.35077647753099,359.9990293864829
237.8247334721248,359.95389489135135
238.22019324118492,359.9162398735918
239.08961000483887,359.83346908976637
239.95902676849283,359.7507170469082
240.8284435321468,359.66798375592765
241.69786029580075,359.5852692277348
242.56727705945474,359.50257347241546
243.43669382310867,359.41989649985914
244.30611058676263,359.33723831769936
245.17552735041656,359.25459893338
246.04494411407057,359.17197835410616
246.9143608777245,359.0893765866879
247.78377764137844,359.00679363764823
248.65319440503242,358.92422951147
249.5226111686864,358.84168421263604
250.39202793234037,358.7591577456292
251.2614446959943,358.6766501144391
252.13086145964823,358.5941613231193
253.00027822330222,358.5116913744274
253.86969498695615,358.4292402704822
254.73911175061016,358.3468080134024
255.6085285142641,358.26439460530685
256.4779452779181,358.1820000476974
257.347362041572,358.09962434239765
258.21677880522594,358.0172674898836
259.08619556887993,357.93492949054445
259.95561233253386,357.85261034476935
388.9975961667383,345.8419047222183
540.1704588613517,332.2830777402147
691.3433215559652,319.25582829170276
842.5161842505786,306.73931574065216
993.6890469451922,294.71351650701706
1144.8619096398056,283.1591920389251
1296.0347723344191,272.05785803988243
1447.2076350290324,261.39175489316835
1598.3804977236462,251.14381925364464
1749.5533604182594,241.2976567497757
1900.726223112873,231.83751575417415
2051.8990858074862,222.74826218840965
2203.0719485021,214.0153553084659
2354.2448111967133,205.62482444421855
2505.4176738913266,197.56324665054785
2656.5905365859403,189.817725230969
2722.4142106472714,186.5407791122333
2807.7633992805536,182.37586910900512
2958.9362619751673,175.22577300317104
3110.1091246697806,168.35599838121337
3261.2819873643944,161.75555516304794
3412.454850059008,155.41388413626743
3563.627712753621,149.32084006623143
3714.8005754482347,143.46667546493268
3865.9734381428484,137.8420249964795
4017.1463008374617,132.437890496838
4168.319163532075,127.24562657639244
4319.492026226689,122.25692679089977
4470.664888921302,117.4638103527406
4621.837751615915,112.85860936245139
4773.010614310529,108.43395654370276
4924.183477005143,104.18277345558559
5075.356339699756,100.09825916949525
5226.529202394369,96.17387938954187
5377.702065088983,92.40335599794025
5528.874927783596,88.78065701297655
5680.04779047821,85.29998693812341
5831.220653172824,81.9557774906369
5982.393515867436,78.74267869446535
6133.56637856205,75.65555032014072
6284.739241256663,72.68945366278683
6435.9121039512775,69.83964364074271
6587.084966645891,67.1015612041941
6738.257829340505,64.47082604275
6889.430692035117,61.943229576756046
7040.603554729731,59.5147282253435
7191.776417424345,57.1814369374202
7342.949280118958,54.93962297599836
7494.122142813572,52.7856999475771
7645.295005508186,50.71622206384937
7796.467868202797,48.72787862966208
7947.640730897411,46.8174887467536
8098.8135935920245,44.981996224497145
8249.986456286639,43.21846469142667
8401.159318981254,41.52407289715486
8552.332181675867,39.89611019909054
8703.505044370479,38.331972226424305
8854.677907065092,36.82915671308186
9005.850769759707,35.38525949526423
9157.02363245432,33.99797066502829
9308.196495148934,32.66507087483091
9459.369357843547,31.384427787558092
9610.542220538158,30.15399266469221
9761.715083232772,28.97179708921129
9912.887945927387,27.835949816452295
10064.060808622,26.74463374833215
10215.233671316613,25.696103026847084
10366.406534011228,24.688680240656083
10517.57939670584,23.72075374184609
10668.752259400455,22.79077506767129
10819.925122095068,21.89725646312866
10971.097984789682,21.03876850124105
11122.270847484295,20.213937796016193
11273.44371017891,19.42144480539915
11424.616572873523,18.660021720478227
11575.789435568136,17.928450436975368
11726.962298262748,17.22556060685053
11878.135160957361,16.550227765850394
12029.308023651975,15.901371534572199
12180.48088634659,15.277953890327295
12331.653749041203,14.67897750626011
12482.826611735818,14.103484156061384
12633.99947443043,13.55055318095692
12785.172337125043,13.01930001676406
12936.345199819658,12.508874779004369
13087.518062514271,12.018460903062202
13238.690925208884,11.547273837995263
13389.863787903498,11.09455979142416
13541.03665059811,10.659594523528508
13692.209513292722,10.241682188599778
13843.382375987338,9.840154221702223
13994.55523868195,9.454368269159351
14145.728101376564,9.083707161007712
14296.900964071177,8.72757792352356
14448.07382676579,8.385410830744167
14599.246689460406,8.05665849295175
14750.41955215502,7.740794980957244
14901.592414849632,7.437314984837849
15052.765277544246,7.145733005420222
15203.93814023886,6.865582577697465
15355.11100293347,6.5964155245536125
15506.283865628086,6.3378012397378
15657.456728322697,6.0893259990953155
15808.629591017312,5.850592298594354
15959.802453711927,5.621218218476096
16110.975316406539,5.400836812263032
16262.148179101152,5.189095519676998
16413.321041795767,4.9856556027076735
16564.49390449038,4.790191603635326
16715.666767184994,4.602390824396255
16866.839629879607,4.421952826367237
17018.01249257422,4.248588949666428
17169.185355268834,4.082021851433831
17320.358217963447,3.921985062102012
17471.531080658064,3.7682225591004648
17622.703943352673,3.620488357326011
17773.87680604729,3.478546115557148
17925.049668741904,3.3421687584145587
18076.222531436513,3.211138113071409
18227.395394131127,3.0852445602068355
18378.568256825743,2.9642866987121237
18529.741119520353,2.8480710234411246
18680.91398221497,2.736411615679968
18832.086844909583,2.6291298457143326
18983.259707604193,2.5260540870384536
19134.432570298806,2.427019441837842
19285.605432993423,2.331867477127655
19436.778295688036,2.2404459713704137
19587.95115838265,2.152608670892813
19739.124021077267,2.0682150559275083
19890.296883771876,1.987130115854343
20041.46974646649,1.9092241331589201
20192.642609161103,1.8343724759325977
20343.815471855716,1.7624553985204787
20494.98833455033,1.6933578499079613
20646.161197244946,1.6269692896854782
20797.334059939556,1.563183511230926
20948.50692263417,1.5018984717632162
21099.679785328783,1.4430161291173977
21250.8526480234,1.386442284914242
21402.025510718013,1.3320864338315976
21553.198373412626,1.2798616188358207
21704.37123610724,1.2296842920793702
21855.54409880185,1.181474181217435
22006.716961496466,1.1351541610078795
22157.88982419108,1.0906501299338287
22309.06268688569,1.0478908916355416
22460.235549580306,1.006808041033094
22611.40841227492,0.9673358548910042
22762.581274969532,0.9294111866593935
22913.754137664146,0.892973365475676
23064.92700035876,0.8579640990959786
23216.099863053372,0.8243273806296837
23367.272725747986,0.7920093989622417
23518.445588442602,0.7609584526569968
23669.618451137212,0.7311248672379392
23820.79131383183,0.7024609157411975
23971.964176526442,0.6749207423483292
24123.137039221052,0.6484602890242214
24274.30990191567,0.6230372250512822
24425.48276461028,0.5986108792950169
24576.655627304895,0.5751421751389239
24727.828489999505,0.5525935679852377
24879.001352694122,0.5309289851776227
25030.17421538873,0.510113768294585
25181.347078083345,0.4901146177156945
25332.519940777966,0.4708995393363035
25483.692803472575,0.45243779338709483
25634.865666167192,0.43469984526677874
25786.0385288618,0.417657318281363
25937.211391556415,0.4012829482516096
26088.38425425103,0.3855505399036552
26239.55711694564,0.37043492495199487
26390.729979640255,0.35591192184013043
26541.90284233487,0.3419582970598729
26693.075705029485,0.3285517279778364
26844.2485677241,0.3156707671245056
26995.421430418708,0.30329480788120117
27146.594293113325,0.2914040515247074
27297.76715580794,0.2799794755426695
27448.94001850255,0.269002803203572
27600.112881197165,0.25845647432077634
27751.285743891774,0.24832361716384274
27902.45860658639,0.23858802145932825
28053.631469281,0.22923411245988293
28204.804331975618,0.22024692603568005
28355.977194670228,0.21161208472798726
28507.150057364848,0.20331577474858387
28658.322920059458,0.19534472388204768
28809.49578275407,0.18768618025802555
28960.668645448684,0.1803278919438311
29111.841508143298,0.17325808734535422
29263.014370837915,0.16646545638045013
29414.187233532524,0.15993913238158602
29565.36009622714,0.15366867471015883
29716.53295892175,0.14764405205496267
29867.705821616364,0.14185562638855773
30018.87868431098,0.13629413754299982
30170.051547005594,0.13095068839645058
30321.224409700208,0.12581673064288937
30472.39727239482,0.12088405111579495
30623.57013508943,0.11614475864551654
30774.742997784047,0.11159127144153304
30925.915860478657,0.10721630495311633
31077.088723173274,0.10301286023101783
31228.261585867887,0.09897421271481095
31379.434448562504,0.09509390148465857
31530.607311257114,0.09136571892500685
31681.780173951727,0.08778370078574535
31832.953036646344,0.08434211665429521
31984.12589934095,0.08103546077499885
32135.298762035567,0.07785844324817238
32286.47162473018,0.07480598156867863
32437.64448742479,0.07187319248702051
32588.81735011941,0.06905538420904386
32739.99021281402,0.06634804887954106
32891.16307550864,0.0637468553754462
33042.33593820325,0.06124764237935385
33193.508800897864,0.05884641171468889
33344.68166359248,0.05653932195944232
33495.85452628709,0.054322682292687545
33647.0273889817,0.05219294659313393
33798.20025167631,0.05014670776833996
33949.37311437094,0.0481806922976951
34100.54597706554,0.046291755005854064
34251.71883976015,0.04447687401997428
34402.89170245477,0.04273314594095602
34554.06456514938,0.041057781202259246
34705.237427844,0.03944809959860609
34856.41029053861,0.03790152600398782
35007.58315323322,0.0364155862537389
35158.75601592784,0.034987903179568035
35309.92887862245,0.03361619281238862
35461.10174131706,0.03229826072848124
35612.274604011676,0.031031998533723244
35763.4474667063,0.02981538049631344
35914.6203294009,0.02864646030455801
36065.793192095516,0.02752336794969704
36216.96605479014,0.0264443067393535
36368.13891748474,0.025407550421343645
36519.311780179356,0.024411440419207363
36670.48464287397,0.02345438318462441
36821.65750556859,0.022534847641273417
36972.830368263196,0.02165136274174606
37124.00323095781,0.020802515110661345
37275.17609365243,0.019986946784403374
37426.34895634704,0.01920335303868857
37577.521819041656,0.018450480301303356
37728.69468173626,0.01772712414667398
37879.86754443088,0.017032127369059225
38031.040407125496,0.01636437813128442
38182.2132698201,0.015722808186054784
38333.386132514715,0.015106391167002381
38484.558995209336,0.014514140946733364
38635.73185790395,0.013945110059248068
38786.904720598555,0.013398388184210824
38938.07758329317,0.012873100690644103
39089.25044598779,0.012368407237717666
39240.4233086824,0.011883500430394172
39391.596171377016,0.01141760452791253
39542.76903407163,0.010969974201658106
39693.94189676624,0.01053989334712423
39845.114759460856,0.01012667392885135
39996.28762215546,0.009729654893022797
40147.46048485008,0.00934820109659981
40298.633347544695,0.008981702301847765
40449.80621023931,0.008629572192840912
40600.97907293392,0.008291247441576057
40752.151935628535,0.007966186805507607
40903.32479832315,0.007653870260616029
41054.49766101776,0.007353798172680317
41205.67052371238,0.007065490492182051
41356.84338640699,0.006788485995056948
41508.0162491016,0.006522341533851991
41659.189111796215,0.006266631340961816
41810.36197449083,0.0060209463350938295
41961.53483718545,0.005784893478684544
42112.707699880055,0.005558095138401844
42263.88056257467,0.005340188490593782
42415.05342526929,0.005130824931706324
42566.226287963895,0.0049296695287866345
42717.39915065851,0.004736400478951039
42868.57201335312,0.004550708595583379
43019.74487604774,0.0043722968137249844
43170.91773874235,0.0042008797148547624
43322.09060143696,0.0040361830706728665
43473.26346413158,0.0038779434035778933
43624.43632682619,0.003725907565746554
43775.60918952081,0.003579832334615929
43926.782052215414,0.0034394840231355773
44077.954914910035,0.0033046381059370893
44229.12777760465,0.003175078860158797
44380.30064029925,0.003050599020350998
44531.47350299387,0.0029309994469098517
44682.64636568849,0.0028160888077570796
44833.8192283831,0.002705683271733131
44984.992091077715,0.0025996062148254673
45136.16495377233,0.0024976879387174507
45287.33781646694,0.0023997653954414624
